id,ssn,admitTime,gender,firstTime,weight,age
1,184-33-1170,2013-16-17T19:44:28.998,Female,Yes,137,35
2,693-57-7276,2013-15-17T19:44:28.998,Male,No,156,30
3,803-10-2074,2013-13-17T19:44:28.998,Female,Yes,157,37
4,723-87-6313,2013-14-17T19:44:28.998,Male,Yes,220,42
5,278-10-0630,2013-13-17T19:44:28.998,Female,No,148,58
6,619-59-7448,2013-03-17T19:44:28.998,Female,No,182,41
7,167-56-4042,2013-18-17T19:44:28.99888,Male,Yes,156,25
8,112-35-3663,2013-18-17T19:44:28.99888,Female,No,208,27
9,112-38-6774,2013-14-17T19:44:28.998,Female,Yes,206,20
10,845-20-2708,2013-03-17T19:44:28.99,Male,No,191,24
11,709-48-3862,2013-09-17T19:44:28.998,Female,Yes,191,46
12,414-48-6781,2013-12-17T19:44:28.99,Female,No,201,23
13,488-05-5163,2013-11-17T19:44:28.998,Male,No,181,27
14,195-37-3919,2013-18-17T19:44:28.99888,Female,No,153,49
15,847-54-0411,2013-13-17T19:44:28.998,Male,No,157,37
16,636-29-8401,2013-14-17T19:44:28.998,Female,Yes,203,34
17,710-48-8887,2013-22-17T19:44:28.998,Female,No,222,49
18,134-41-0337,2013-10-17T19:44:28.998,Female,Yes,222,44
19,709-95-8227,2013-14-17T19:44:28.998,Female,No,172,24
20,842-97-6714,2013-11-17T19:44:28.998,Male,No,181,51
21,241-33-6973,2013-09-17T19:44:28.998,Female,Yes,175,43
22,266-50-8285,2013-09-17T19:44:28.998,Male,Yes,130,37
23,255-81-9750,2013-11-17T19:44:28.998,Male,No,210,41
24,246-90-4961,2013-13-17T19:44:28.998,Male,No,184,46
25,138-90-0651,2013-17-17T19:44:28.998,Male,No,217,42
26,242-94-9096,2013-18-17T19:44:28.99888,Male,No,196,53
27,190-84-5118,2013-03-17T19:44:28.998,Male,No,204,44
28,122-48-4349,2013-11-17T19:44:28.998,Female,Yes,172,35
29,819-09-8831,2013-11-17T19:44:28.998,Male,No,162,34
30,159-34-0802,2013-09-17T19:44:28.998,Male,Yes,149,33
31,366-93-4510,2013-14-17T19:44:28.998,Female,Yes,153,55
32,191-53-8812,2013-12-17T19:44:28.99,Female,Yes,224,56
33,101-46-0876,2013-11-17T19:44:28.998,Male,Yes,200,59
34,115-32-7751,2013-17-17T19:44:28.998,Male,No,125,57
35,249-73-4660,2013-22-17T19:44:28.998,Female,No,156,32
36,937-25-7372,2013-03-17T19:44:28.998,Female,Yes,155,49
37,538-19-2027,2013-15-17T19:44:28.998,Male,Yes,151,46
38,726-68-2061,2013-03-17T19:44:28.998,Male,Yes,198,30
39,384-11-0303,2013-10-17T19:44:28.998,Female,Yes,125,35
40,456-54-8735,2013-14-17T19:44:28.998,Female,Yes,186,37
41,789-01-8810,2013-03-17T19:44:28.998,Female,Yes,152,53
42,931-42-3664,2013-17-17T19:44:28.998,Male,Yes,213,31
43,181-56-4357,2013-15-17T19:44:28.998,Female,Yes,166,21
44,642-42-6921,2013-14-17T19:44:28.998,Female,No,190,50
45,696-90-4079,2013-14-17T19:44:28.998,Male,No,197,55
46,392-91-0264,2013-17-17T19:44:28.998,Male,Yes,185,57
47,243-68-0220,2013-10-17T19:44:28.998,Male,Yes,221,54
48,712-74-1643,2013-14-17T19:44:28.998,Male,No,141,40
49,572-74-6448,2013-16-17T19:44:28.998,Female,Yes,163,60
50,971-12-9091,2013-13-17T19:44:28.998,Male,Yes,146,45
51,386-35-2484,2013-16-17T19:44:28.998,Male,Yes,147,46
52,306-47-1835,2013-12-17T19:44:28.99,Female,No,178,38
53,102-49-6762,2013-12-17T19:44:28.99,Female,No,130,30
54,657-12-6759,2013-11-17T19:44:28.998,Male,Yes,175,27
55,374-25-7313,2013-03-17T19:44:28.99,Female,No,189,51
56,768-05-2521,2013-09-17T19:44:28.998,Female,Yes,198,37
57,287-15-6424,2013-11-17T19:44:28.998,Female,Yes,225,33
58,274-83-8557,2013-11-17T19:44:28.998,Male,No,140,59
59,138-20-1329,2013-17-17T19:44:28.998,Female,No,138,29
60,661-73-4760,2013-11-17T19:44:28.998,Female,Yes,179,31
61,656-25-3364,2013-01-17T12:44:28.998,Female,No,129,20
62,352-52-6290,2013-03-17T19:44:28.99,Male,No,138,45
63,461-60-2985,2013-18-17T19:44:28.99888,Female,Yes,219,48
64,945-26-2390,2013-11-17T19:44:28.998,Female,Yes,168,54
65,851-01-1505,2013-18-17T19:44:28.99888,Female,No,154,25
66,401-17-6348,2013-03-17T19:44:28.99,Male,No,147,43
67,708-71-0352,2013-22-17T19:44:28.998,Female,Yes,182,34
68,372-74-1858,2013-03-17T19:44:28.998,Female,Yes,194,55
69,556-55-8061,2013-12-17T19:44:28.99,Female,Yes,147,51
70,398-86-5515,2013-16-17T19:44:28.998,Female,No,137,50
71,380-00-8558,2013-16-17T19:44:28.998,Female,Yes,146,30
72,984-94-2609,2013-11-17T19:44:28.998,Female,No,145,23
73,460-04-1624,2013-16-17T19:44:28.998,Female,No,125,50
74,448-73-0347,2013-13-17T19:44:28.998,Female,No,206,37
75,246-05-6012,2013-14-17T19:44:28.998,Male,Yes,127,58
76,446-24-0055,2013-03-17T19:44:28.998,Male,No,156,44
77,485-85-0590,2013-11-17T19:44:28.998,Female,Yes,153,55
78,988-80-5741,2013-09-17T19:44:28.998,Male,Yes,200,29
79,488-54-6027,2013-15-17T19:44:28.998,Female,No,202,51
80,765-94-5333,2013-18-17T19:44:28.99888,Male,Yes,197,59
81,920-40-2578,2013-11-17T19:44:28.998,Male,Yes,199,25
82,911-45-1561,2013-15-17T19:44:28.998,Female,Yes,169,54
83,147-83-6506,2013-16-17T19:44:28.998,Female,Yes,149,27
84,492-45-6323,2013-13-17T19:44:28.998,Female,Yes,127,46
85,204-70-1906,2013-22-17T19:44:28.998,Female,No,204,58
86,768-46-7249,2013-14-17T19:44:28.998,Female,No,199,60
87,807-39-5584,2013-03-17T19:44:28.998,Female,No,188,32
88,371-13-2768,2013-03-17T19:44:28.998,Female,No,189,25
89,414-42-5174,2013-09-17T19:44:28.998,Female,Yes,145,46
90,496-69-7272,2013-15-17T19:44:28.998,Female,No,151,28
91,228-73-7381,2013-14-17T19:44:28.998,Male,No,156,31
92,900-64-0843,2013-22-17T19:44:28.998,Female,Yes,200,57
93,292-71-0754,2013-09-17T19:44:28.998,Male,No,133,41
94,839-11-3554,2013-22-17T19:44:28.998,Female,Yes,127,21
95,792-30-3515,2013-01-17T12:44:28.998,Female,No,193,35
96,809-19-0943,2013-14-17T19:44:28.998,Male,Yes,205,39
97,484-31-6634,2013-03-17T19:44:28.998,Female,No,201,27
98,245-28-3075,2013-18-17T19:44:28.99888,Male,No,130,42
99,709-25-8231,2013-18-17T19:44:28.99888,Female,Yes,161,32
100,167-47-2334,2013-16-17T19:44:28.998,Female,No,146,34
101,398-60-9161,2013-12-17T19:44:28.99,Male,No,160,53
102,684-66-1305,2013-03-17T19:44:28.99,Female,No,189,47
103,838-14-2466,2013-12-17T19:44:28.99,Female,Yes,212,43
104,545-50-1249,2013-11-17T19:44:28.998,Male,Yes,156,22
105,435-86-8916,2013-10-17T19:44:28.998,Female,Yes,161,49
106,131-78-8488,2013-17-17T19:44:28.998,Female,No,142,22
107,678-10-3079,2013-10-17T19:44:28.998,Male,No,184,42
108,580-82-4499,2013-14-17T19:44:28.998,Female,No,195,37
109,104-48-6114,2013-17-17T19:44:28.998,Male,No,139,59
110,233-23-5861,2013-13-17T19:44:28.998,Male,Yes,162,52
111,521-97-4486,2013-16-17T19:44:28.998,Female,No,191,26
112,142-52-5190,2013-15-17T19:44:28.998,Female,Yes,127,38
113,559-82-2126,2013-03-17T19:44:28.99,Female,No,127,34
114,832-58-1911,2013-03-17T19:44:28.998,Female,No,165,34
115,541-72-8223,2013-17-17T19:44:28.998,Male,No,213,47
116,639-32-4753,2013-12-17T19:44:28.99,Female,No,146,50
117,918-72-8584,2013-03-17T19:44:28.99,Female,No,209,33
118,605-49-7174,2013-09-17T19:44:28.998,Female,No,140,47
119,716-15-6814,2013-16-17T19:44:28.998,Female,No,212,44
120,996-04-6327,2013-12-17T19:44:28.99,Male,No,192,53
121,426-60-7165,2013-22-17T19:44:28.998,Male,Yes,214,60
122,111-25-1969,2013-03-17T19:44:28.99,Female,Yes,199,21
123,789-09-2521,2013-10-17T19:44:28.998,Female,No,170,55
124,755-34-1242,2013-11-17T19:44:28.998,Male,No,210,35
125,813-60-2610,2013-11-17T19:44:28.998,Male,No,134,52
126,557-18-5551,2013-22-17T19:44:28.998,Male,Yes,165,55
127,469-71-7024,2013-03-17T19:44:28.99,Male,No,133,39
128,958-43-7275,2013-16-17T19:44:28.998,Female,No,162,42
129,994-23-7997,2013-18-17T19:44:28.99888,Female,No,182,24
130,680-88-9481,2013-15-17T19:44:28.998,Female,Yes,130,45
131,488-80-8883,2013-17-17T19:44:28.998,Female,No,164,26
132,446-38-5254,2013-01-17T12:44:28.998,Male,No,219,42
133,328-29-7195,2013-15-17T19:44:28.998,Male,Yes,222,30
134,510-95-8793,2013-01-17T12:44:28.998,Female,No,206,44
135,838-14-2448,2013-16-17T19:44:28.998,Female,Yes,206,51
136,814-78-0536,2013-17-17T19:44:28.998,Male,No,176,37
137,454-04-2138,2013-01-17T12:44:28.998,Male,No,166,59
138,318-83-0099,2013-09-17T19:44:28.998,Male,Yes,138,28
139,220-89-1812,2013-10-17T19:44:28.998,Female,Yes,159,31
140,778-21-6183,2013-10-17T19:44:28.998,Female,Yes,205,48
141,883-22-2067,2013-22-17T19:44:28.998,Male,Yes,133,53
142,734-66-0279,2013-09-17T19:44:28.998,Male,No,163,54
143,513-24-9490,2013-22-17T19:44:28.998,Female,Yes,221,45
144,279-21-6625,2013-18-17T19:44:28.99888,Female,Yes,145,22
145,276-16-2183,2013-03-17T19:44:28.99,Female,No,152,48
146,796-63-3882,2013-15-17T19:44:28.998,Female,Yes,131,44
147,231-66-8402,2013-13-17T19:44:28.998,Female,Yes,211,48
148,527-20-0315,2013-14-17T19:44:28.998,Male,Yes,184,44
149,907-82-3957,2013-03-17T19:44:28.99,Male,Yes,142,25
150,159-89-0132,2013-03-17T19:44:28.998,Female,No,200,60
151,773-49-3821,2013-03-17T19:44:28.998,Female,Yes,165,24
152,599-35-9973,2013-22-17T19:44:28.998,Male,No,215,32
153,344-89-3747,2013-22-17T19:44:28.998,Male,Yes,158,59
154,108-01-6825,2013-03-17T19:44:28.99,Female,No,194,30
155,741-92-7014,2013-15-17T19:44:28.998,Male,Yes,208,29
156,937-84-7365,2013-03-17T19:44:28.998,Male,No,219,57
157,535-45-1445,2013-11-17T19:44:28.998,Male,No,154,41
158,376-28-2190,2013-01-17T12:44:28.998,Male,No,185,56
159,653-65-3587,2013-15-17T19:44:28.998,Female,Yes,155,44
160,452-83-6176,2013-15-17T19:44:28.998,Female,Yes,161,54
161,303-33-8085,2013-11-17T19:44:28.998,Female,Yes,158,42
162,582-38-0016,2013-18-17T19:44:28.99888,Male,Yes,126,21
163,270-28-2187,2013-11-17T19:44:28.998,Female,No,169,60
164,479-40-9870,2013-18-17T19:44:28.99888,Female,No,136,29
165,816-10-1357,2013-14-17T19:44:28.998,Male,Yes,181,50
166,538-26-6518,2013-18-17T19:44:28.99888,Female,No,188,22
167,366-66-6673,2013-18-17T19:44:28.99888,Female,No,154,26
168,640-26-5530,2013-22-17T19:44:28.998,Female,Yes,136,42
169,752-18-7734,2013-11-17T19:44:28.998,Female,Yes,204,41
170,963-76-1913,2013-10-17T19:44:28.998,Male,No,149,21
171,844-55-3212,2013-09-17T19:44:28.998,Female,Yes,157,43
172,227-30-3704,2013-01-17T12:44:28.998,Male,Yes,196,59
173,948-77-8316,2013-11-17T19:44:28.998,Female,Yes,170,41
174,657-40-9354,2013-18-17T19:44:28.99888,Male,Yes,160,43
175,560-84-0983,2013-14-17T19:44:28.998,Male,No,135,52
176,551-99-9602,2013-11-17T19:44:28.998,Female,Yes,191,29
177,413-75-1283,2013-11-17T19:44:28.998,Male,No,173,47
178,941-48-4341,2013-15-17T19:44:28.998,Male,No,202,48
179,116-87-4537,2013-10-17T19:44:28.998,Female,Yes,132,41
180,297-56-3659,2013-10-17T19:44:28.998,Female,No,176,53
181,597-00-4189,2013-09-17T19:44:28.998,Male,No,186,36
182,305-40-9939,2013-15-17T19:44:28.998,Female,No,184,59
183,625-13-3130,2013-03-17T19:44:28.998,Female,No,211,26
184,499-96-6337,2013-13-17T19:44:28.998,Female,No,204,28
185,926-05-5399,2013-12-17T19:44:28.99,Male,No,170,31
186,500-01-7014,2013-14-17T19:44:28.998,Male,Yes,138,45
187,645-53-8152,2013-10-17T19:44:28.998,Female,Yes,146,25
188,414-19-6186,2013-22-17T19:44:28.998,Male,Yes,214,59
189,766-30-6790,2013-15-17T19:44:28.998,Female,No,168,26
190,525-84-6653,2013-09-17T19:44:28.998,Female,Yes,206,51
191,870-30-2132,2013-18-17T19:44:28.99888,Female,No,130,54
192,679-97-8622,2013-17-17T19:44:28.998,Male,No,196,53
193,776-17-3400,2013-17-17T19:44:28.998,Male,Yes,166,58
194,326-80-8316,2013-13-17T19:44:28.998,Male,Yes,218,46
195,650-95-9012,2013-09-17T19:44:28.998,Male,Yes,186,32
196,717-86-3364,2013-14-17T19:44:28.998,Female,No,164,21
197,915-91-0434,2013-22-17T19:44:28.998,Female,Yes,216,52
198,854-97-1902,2013-11-17T19:44:28.998,Female,No,148,60
199,533-96-2211,2013-11-17T19:44:28.998,Male,Yes,166,27
200,487-30-7276,2013-13-17T19:44:28.998,Male,Yes,195,53
201,425-36-2973,2013-14-17T19:44:28.998,Female,Yes,212,57
202,951-08-5088,2013-01-17T12:44:28.998,Female,No,156,55
203,641-74-4805,2013-15-17T19:44:28.998,Female,No,207,25
204,448-63-0276,2013-18-17T19:44:28.99888,Female,Yes,135,46
205,473-00-7299,2013-11-17T19:44:28.998,Male,No,200,55
206,849-60-6695,2013-15-17T19:44:28.998,Female,No,179,56
207,352-38-5666,2013-11-17T19:44:28.998,Female,Yes,148,37
208,881-92-6611,2013-16-17T19:44:28.998,Female,No,179,58
209,994-18-4984,2013-10-17T19:44:28.998,Female,Yes,198,31
210,944-80-4128,2013-03-17T19:44:28.998,Female,Yes,207,41
211,787-55-0944,2013-12-17T19:44:28.99,Female,No,198,39
212,979-35-8836,2013-10-17T19:44:28.998,Male,Yes,210,29
213,670-93-6576,2013-11-17T19:44:28.998,Male,No,162,20
214,142-90-7972,2013-17-17T19:44:28.998,Female,No,143,46
215,239-83-9286,2013-22-17T19:44:28.998,Female,Yes,189,39
216,892-85-7023,2013-10-17T19:44:28.998,Female,No,177,30
217,898-64-2029,2013-16-17T19:44:28.998,Female,No,178,36
218,273-72-0540,2013-14-17T19:44:28.998,Female,No,151,60
219,685-49-4042,2013-15-17T19:44:28.998,Female,No,127,28
220,106-10-9448,2013-16-17T19:44:28.998,Male,Yes,149,43
221,261-85-0710,2013-10-17T19:44:28.998,Female,No,189,58
222,399-06-3370,2013-09-17T19:44:28.998,Male,No,135,37
223,184-45-7283,2013-01-17T12:44:28.998,Female,No,136,56
224,549-52-1013,2013-15-17T19:44:28.998,Male,No,132,39
225,626-30-9095,2013-15-17T19:44:28.998,Female,Yes,181,35
226,227-43-7614,2013-16-17T19:44:28.998,Female,No,146,27
227,237-94-4963,2013-17-17T19:44:28.998,Female,Yes,174,24
228,913-64-7372,2013-11-17T19:44:28.998,Male,Yes,153,22
229,350-44-7662,2013-09-17T19:44:28.998,Female,No,160,53
230,358-89-9021,2013-03-17T19:44:28.99,Female,Yes,194,56
231,985-44-2008,2013-14-17T19:44:28.998,Female,Yes,207,53
232,585-85-3017,2013-17-17T19:44:28.998,Female,No,180,33
233,977-41-5237,2013-13-17T19:44:28.998,Female,Yes,185,38
234,499-11-3653,2013-22-17T19:44:28.998,Female,No,149,60
235,866-77-4086,2013-11-17T19:44:28.998,Female,Yes,148,40
236,429-33-4509,2013-18-17T19:44:28.99888,Male,Yes,178,51
237,989-11-9837,2013-11-17T19:44:28.998,Male,No,150,20
238,874-69-1654,2013-10-17T19:44:28.998,Female,Yes,151,30
239,543-67-8527,2013-14-17T19:44:28.998,Male,Yes,143,28
240,542-42-8334,2013-15-17T19:44:28.998,Female,Yes,161,33
241,502-29-2917,2013-10-17T19:44:28.998,Male,No,195,23
242,440-95-4221,2013-09-17T19:44:28.998,Male,No,156,20
243,513-73-8455,2013-17-17T19:44:28.998,Male,Yes,152,22
244,846-90-4601,2013-12-17T19:44:28.99,Female,Yes,165,39
245,813-75-7681,2013-03-17T19:44:28.998,Male,No,212,26
246,568-29-5521,2013-13-17T19:44:28.998,Male,Yes,146,30
247,125-40-7233,2013-14-17T19:44:28.998,Female,No,132,31
248,785-42-1249,2013-14-17T19:44:28.998,Female,No,203,32
249,747-14-4974,2013-18-17T19:44:28.99888,Female,No,173,42
250,138-45-4960,2013-14-17T19:44:28.998,Female,No,174,55
251,100-03-5881,2013-03-17T19:44:28.998,Female,Yes,179,46
252,908-85-4715,2013-12-17T19:44:28.99,Male,No,186,31
253,454-14-3266,2013-03-17T19:44:28.998,Male,Yes,170,60
254,317-50-7739,2013-01-17T12:44:28.998,Male,Yes,161,28
255,421-74-0762,2013-17-17T19:44:28.998,Male,No,208,34
256,979-08-3657,2013-09-17T19:44:28.998,Female,Yes,176,60
257,864-13-2638,2013-17-17T19:44:28.998,Female,No,199,52
258,451-97-7694,2013-17-17T19:44:28.998,Male,Yes,151,38
259,588-88-3460,2013-12-17T19:44:28.99,Male,No,196,38
260,994-27-8483,2013-11-17T19:44:28.998,Male,No,225,40
261,324-38-9771,2013-18-17T19:44:28.99888,Female,No,155,54
262,556-80-4829,2013-13-17T19:44:28.998,Female,Yes,223,37
263,747-70-0586,2013-12-17T19:44:28.99,Male,Yes,160,56
264,201-64-2120,2013-11-17T19:44:28.998,Male,Yes,163,29
265,478-11-9885,2013-16-17T19:44:28.998,Male,No,186,58
266,959-89-4937,2013-11-17T19:44:28.998,Female,No,217,24
267,412-88-4016,2013-12-17T19:44:28.99,Male,Yes,168,34
268,272-74-9654,2013-16-17T19:44:28.998,Male,Yes,214,40
269,932-54-0914,2013-16-17T19:44:28.998,Male,No,197,28
270,510-02-1264,2013-09-17T19:44:28.998,Male,Yes,130,40
271,436-55-7777,2013-10-17T19:44:28.998,Male,No,156,28
272,864-49-1301,2013-17-17T19:44:28.998,Female,Yes,134,39
273,903-41-3956,2013-22-17T19:44:28.998,Female,Yes,205,53
274,346-19-5667,2013-10-17T19:44:28.998,Male,No,220,50
275,102-71-6313,2013-10-17T19:44:28.998,Male,No,166,41
276,322-69-0560,2013-12-17T19:44:28.99,Female,Yes,147,38
277,487-99-1502,2013-16-17T19:44:28.998,Male,Yes,183,33
278,922-13-0692,2013-11-17T19:44:28.998,Female,No,157,27
279,909-19-8619,2013-11-17T19:44:28.998,Female,No,178,34
280,582-50-3610,2013-03-17T19:44:28.998,Female,Yes,136,54
281,532-31-7635,2013-11-17T19:44:28.998,Male,Yes,138,51
282,786-63-8880,2013-10-17T19:44:28.998,Male,Yes,154,24
283,237-34-9517,2013-17-17T19:44:28.998,Male,No,151,39
284,291-56-5211,2013-22-17T19:44:28.998,Male,No,141,28
285,235-54-6889,2013-09-17T19:44:28.998,Female,No,201,52
286,110-31-7289,2013-14-17T19:44:28.998,Female,No,210,33
287,743-32-0369,2013-12-17T19:44:28.99,Female,No,157,25
288,440-03-4298,2013-12-17T19:44:28.99,Female,No,225,48
289,511-30-8024,2013-17-17T19:44:28.998,Male,Yes,133,57
290,349-94-6552,2013-22-17T19:44:28.998,Female,No,194,38
291,294-23-1475,2013-22-17T19:44:28.998,Female,No,192,21
292,954-20-2890,2013-09-17T19:44:28.998,Female,Yes,157,29
293,733-03-6167,2013-10-17T19:44:28.998,Female,No,211,59
294,752-94-0405,2013-11-17T19:44:28.998,Male,No,208,28
295,281-97-7757,2013-10-17T19:44:28.998,Female,Yes,219,52
296,323-20-7717,2013-09-17T19:44:28.998,Male,No,212,36
297,830-65-0829,2013-17-17T19:44:28.998,Female,No,198,28
298,177-28-1992,2013-15-17T19:44:28.998,Female,Yes,165,59
299,563-36-7212,2013-09-17T19:44:28.998,Female,Yes,194,57
300,779-60-0116,2013-11-17T19:44:28.998,Male,No,169,21
301,642-97-2538,2013-10-17T19:44:28.998,Female,Yes,182,26
302,532-98-0371,2013-16-17T19:44:28.998,Male,Yes,217,50
303,785-37-5069,2013-11-17T19:44:28.998,Female,Yes,199,36
304,606-81-8327,2013-12-17T19:44:28.99,Male,No,224,39
305,220-82-0426,2013-01-17T12:44:28.998,Male,No,187,20
306,765-91-1553,2013-11-17T19:44:28.998,Female,Yes,186,36
307,174-00-5296,2013-11-17T19:44:28.998,Female,Yes,182,29
308,150-55-9772,2013-12-17T19:44:28.99,Female,No,168,36
309,291-11-8905,2013-12-17T19:44:28.99,Female,Yes,193,39
310,970-64-0026,2013-15-17T19:44:28.998,Female,Yes,203,30
311,230-53-1392,2013-01-17T12:44:28.998,Male,Yes,173,20
312,248-79-4572,2013-11-17T19:44:28.998,Female,Yes,188,33
313,934-85-5442,2013-03-17T19:44:28.998,Female,Yes,186,59
314,914-93-1394,2013-01-17T12:44:28.998,Male,No,133,21
315,897-59-9085,2013-10-17T19:44:28.998,Female,No,214,21
316,365-95-4214,2013-22-17T19:44:28.998,Male,Yes,198,54
317,406-33-8304,2013-03-17T19:44:28.998,Female,No,210,55
318,136-87-2983,2013-03-17T19:44:28.99,Male,Yes,169,42
319,248-73-8005,2013-03-17T19:44:28.99,Female,No,151,20
320,813-64-0780,2013-10-17T19:44:28.998,Male,Yes,202,29
321,409-36-9398,2013-11-17T19:44:28.998,Male,Yes,154,35
322,191-22-1779,2013-15-17T19:44:28.998,Female,No,202,55
323,507-25-7103,2013-01-17T12:44:28.998,Female,No,157,30
324,876-69-4264,2013-09-17T19:44:28.998,Male,Yes,136,30
325,270-87-3423,2013-12-17T19:44:28.99,Female,No,182,52
326,409-76-6677,2013-16-17T19:44:28.998,Female,No,158,36
327,104-88-1088,2013-01-17T12:44:28.998,Male,Yes,207,58
328,292-92-4798,2013-22-17T19:44:28.998,Female,No,190,27
329,980-63-9082,2013-16-17T19:44:28.998,Female,Yes,222,27
330,747-58-7554,2013-16-17T19:44:28.998,Male,No,217,43
331,675-27-1176,2013-03-17T19:44:28.99,Female,No,132,60
332,841-94-3181,2013-03-17T19:44:28.998,Female,No,133,45
333,647-51-6503,2013-15-17T19:44:28.998,Male,No,219,48
334,748-24-8592,2013-13-17T19:44:28.998,Female,No,202,51
335,434-70-2913,2013-16-17T19:44:28.998,Male,No,135,46
336,386-28-4240,2013-16-17T19:44:28.998,Female,No,131,36
337,508-12-1765,2013-15-17T19:44:28.998,Male,Yes,212,25
338,380-71-1126,2013-12-17T19:44:28.99,Female,Yes,163,51
339,248-14-7292,2013-03-17T19:44:28.998,Female,No,195,49
340,199-84-4043,2013-10-17T19:44:28.998,Female,No,214,60
341,935-42-8641,2013-18-17T19:44:28.99888,Male,Yes,162,48
342,491-57-5299,2013-12-17T19:44:28.99,Female,Yes,169,44
343,618-57-5056,2013-03-17T19:44:28.99,Female,No,170,48
344,693-64-2430,2013-14-17T19:44:28.998,Male,Yes,128,50
345,248-61-7528,2013-15-17T19:44:28.998,Male,No,161,55
346,982-20-1133,2013-03-17T19:44:28.99,Male,Yes,191,23
347,805-14-7332,2013-14-17T19:44:28.998,Female,No,146,56
348,689-87-6337,2013-11-17T19:44:28.998,Male,No,178,33
349,773-53-9942,2013-11-17T19:44:28.998,Male,Yes,151,43
350,774-83-9532,2013-14-17T19:44:28.998,Female,No,128,48
351,464-68-6836,2013-18-17T19:44:28.99888,Male,No,198,42
352,839-60-1505,2013-01-17T12:44:28.998,Female,No,181,53
353,658-00-7194,2013-10-17T19:44:28.998,Female,No,210,47
354,857-72-4854,2013-13-17T19:44:28.998,Female,No,175,58
355,518-81-9777,2013-10-17T19:44:28.998,Female,No,189,51
356,320-25-7892,2013-01-17T12:44:28.998,Female,No,203,41
357,731-72-5422,2013-09-17T19:44:28.998,Male,No,195,59
358,239-74-7322,2013-22-17T19:44:28.998,Female,Yes,148,52
359,209-15-6407,2013-13-17T19:44:28.998,Male,Yes,180,49
360,646-88-9059,2013-15-17T19:44:28.998,Male,Yes,221,58
361,796-63-8751,2013-16-17T19:44:28.998,Female,Yes,153,27
362,149-95-2864,2013-14-17T19:44:28.998,Male,No,176,54
363,687-09-3169,2013-16-17T19:44:28.998,Female,Yes,219,24
364,239-44-0136,2013-15-17T19:44:28.998,Male,Yes,185,44
365,379-26-3910,2013-01-17T12:44:28.998,Female,Yes,191,59
366,573-60-0935,2013-15-17T19:44:28.998,Female,Yes,174,37
367,210-98-3507,2013-22-17T19:44:28.998,Female,Yes,204,56
368,386-18-6791,2013-11-17T19:44:28.998,Female,Yes,151,38
369,486-17-9719,2013-09-17T19:44:28.998,Female,Yes,174,40
370,274-50-2273,2013-03-17T19:44:28.998,Male,Yes,191,37
371,463-07-0731,2013-11-17T19:44:28.998,Male,Yes,166,24
372,656-14-2935,2013-16-17T19:44:28.998,Male,No,135,28
373,455-69-1648,2013-13-17T19:44:28.998,Male,No,150,54
374,406-91-3452,2013-18-17T19:44:28.99888,Male,No,156,37
375,479-32-9125,2013-15-17T19:44:28.998,Male,No,214,29
376,932-69-3254,2013-17-17T19:44:28.998,Female,No,213,49
377,782-52-2153,2013-09-17T19:44:28.998,Female,No,187,38
378,899-59-4949,2013-12-17T19:44:28.99,Male,Yes,216,23
379,359-62-6720,2013-09-17T19:44:28.998,Female,Yes,154,21
380,815-35-9774,2013-13-17T19:44:28.998,Female,No,174,60
381,660-75-1748,2013-22-17T19:44:28.998,Female,Yes,197,41
382,354-92-0768,2013-03-17T19:44:28.99,Male,Yes,143,59
383,279-78-1868,2013-11-17T19:44:28.998,Female,Yes,179,38
384,606-89-1580,2013-10-17T19:44:28.998,Male,Yes,155,39
385,336-77-9076,2013-11-17T19:44:28.998,Female,No,135,30
386,211-72-7811,2013-15-17T19:44:28.998,Male,Yes,127,26
387,315-42-4511,2013-12-17T19:44:28.99,Female,Yes,189,20
388,588-83-9614,2013-09-17T19:44:28.998,Male,No,186,22
389,812-62-5048,2013-14-17T19:44:28.998,Male,Yes,173,22
390,704-54-4805,2013-03-17T19:44:28.998,Male,No,206,46
391,404-58-3669,2013-12-17T19:44:28.99,Female,No,127,30
392,873-51-1440,2013-11-17T19:44:28.998,Male,Yes,192,25
393,208-27-5344,2013-15-17T19:44:28.998,Male,No,222,27
394,849-32-0627,2013-17-17T19:44:28.998,Male,Yes,128,43
395,474-19-3810,2013-11-17T19:44:28.998,Female,No,162,60
396,990-03-5594,2013-17-17T19:44:28.998,Male,Yes,127,23
397,391-92-4109,2013-03-17T19:44:28.99,Female,No,128,21
398,310-99-6881,2013-10-17T19:44:28.998,Male,Yes,195,51
399,133-24-1833,2013-09-17T19:44:28.998,Male,No,133,57
400,875-91-0316,2013-09-17T19:44:28.998,Male,Yes,167,21
401,860-96-8547,2013-11-17T19:44:28.998,Female,No,148,36
402,900-62-9969,2013-18-17T19:44:28.99888,Male,Yes,153,58
403,564-94-3775,2013-12-17T19:44:28.99,Male,Yes,141,23
404,435-62-5910,2013-10-17T19:44:28.998,Female,Yes,217,57
405,580-28-2993,2013-12-17T19:44:28.99,Male,No,148,35
406,809-97-4346,2013-01-17T12:44:28.998,Female,Yes,141,21
407,430-40-1254,2013-22-17T19:44:28.998,Male,Yes,150,31
408,448-63-6615,2013-13-17T19:44:28.998,Female,No,151,57
409,420-23-8921,2013-10-17T19:44:28.998,Female,No,152,38
410,596-32-1640,2013-16-17T19:44:28.998,Female,No,167,30
411,114-86-3598,2013-16-17T19:44:28.998,Male,Yes,170,37
412,133-48-4881,2013-14-17T19:44:28.998,Male,No,165,49
413,687-06-2789,2013-01-17T12:44:28.998,Female,Yes,175,58
414,119-03-1870,2013-10-17T19:44:28.998,Male,No,194,33
415,226-61-6026,2013-12-17T19:44:28.99,Female,No,150,40
416,541-42-8231,2013-16-17T19:44:28.998,Male,Yes,159,20
417,261-23-4789,2013-11-17T19:44:28.998,Male,No,175,54
418,771-28-5265,2013-18-17T19:44:28.99888,Female,No,188,38
419,613-85-7183,2013-10-17T19:44:28.998,Female,No,149,48
420,616-10-4467,2013-09-17T19:44:28.998,Female,No,128,44
421,503-96-7672,2013-12-17T19:44:28.99,Female,Yes,196,44
422,276-73-1424,2013-18-17T19:44:28.99888,Female,No,151,32
423,347-94-2219,2013-18-17T19:44:28.99888,Female,No,175,30
424,433-96-6034,2013-17-17T19:44:28.998,Female,No,138,50
425,132-64-2501,2013-11-17T19:44:28.998,Female,No,215,43
426,850-47-2296,2013-03-17T19:44:28.998,Female,Yes,127,54
427,178-94-3290,2013-03-17T19:44:28.998,Female,No,146,49
428,513-52-2416,2013-03-17T19:44:28.99,Male,Yes,216,30
429,998-53-0118,2013-14-17T19:44:28.998,Female,No,129,27
430,224-09-5553,2013-14-17T19:44:28.998,Female,No,188,20
431,744-28-4169,2013-03-17T19:44:28.99,Male,Yes,222,35
432,199-40-7100,2013-22-17T19:44:28.998,Male,No,149,50
433,731-47-7404,2013-03-17T19:44:28.99,Male,No,211,52
434,470-36-4109,2013-15-17T19:44:28.998,Female,Yes,126,25
435,539-18-8889,2013-18-17T19:44:28.99888,Male,No,221,53
436,323-82-0770,2013-01-17T12:44:28.998,Male,Yes,190,56
437,353-74-4699,2013-15-17T19:44:28.998,Female,Yes,180,46
438,120-77-0325,2013-22-17T19:44:28.998,Female,No,215,35
439,109-84-2508,2013-15-17T19:44:28.998,Male,Yes,173,46
440,668-42-4050,2013-03-17T19:44:28.99,Male,Yes,157,32
441,219-76-9385,2013-11-17T19:44:28.998,Female,Yes,167,22
442,634-47-3685,2013-18-17T19:44:28.99888,Female,Yes,129,49
443,455-91-8993,2013-10-17T19:44:28.998,Male,No,133,40
444,434-47-6010,2013-03-17T19:44:28.99,Male,Yes,139,29
445,862-24-0678,2013-14-17T19:44:28.998,Female,Yes,140,33
446,545-17-9364,2013-03-17T19:44:28.998,Male,Yes,212,31
447,398-10-2278,2013-18-17T19:44:28.99888,Male,No,173,45
448,640-05-7541,2013-03-17T19:44:28.99,Male,Yes,181,30
449,327-04-6702,2013-03-17T19:44:28.998,Female,Yes,176,56
450,213-46-5864,2013-16-17T19:44:28.998,Male,No,205,47
451,134-13-6993,2013-11-17T19:44:28.998,Male,No,142,22
452,392-20-8133,2013-17-17T19:44:28.998,Male,Yes,181,60
453,955-41-5071,2013-03-17T19:44:28.99,Female,Yes,210,51
454,391-74-7139,2013-12-17T19:44:28.99,Female,No,188,27
455,910-75-9499,2013-01-17T12:44:28.998,Male,Yes,201,20
456,374-94-1809,2013-14-17T19:44:28.998,Male,Yes,201,33
457,761-76-5912,2013-13-17T19:44:28.998,Male,Yes,202,29
458,210-92-9868,2013-03-17T19:44:28.99,Male,No,131,41
459,947-31-8888,2013-16-17T19:44:28.998,Female,Yes,174,33
460,723-67-3010,2013-03-17T19:44:28.99,Male,No,200,36
461,395-60-8106,2013-10-17T19:44:28.998,Male,No,190,34
462,338-68-1239,2013-09-17T19:44:28.998,Female,No,201,39
463,404-86-9676,2013-14-17T19:44:28.998,Male,Yes,184,46
464,680-61-0450,2013-16-17T19:44:28.998,Female,No,146,39
465,472-91-5046,2013-03-17T19:44:28.99,Female,Yes,224,35
466,235-80-8133,2013-11-17T19:44:28.998,Female,Yes,177,38
467,123-18-0867,2013-03-17T19:44:28.99,Male,Yes,210,42
468,236-83-3881,2013-11-17T19:44:28.998,Female,No,202,38
469,702-41-0349,2013-09-17T19:44:28.998,Female,No,127,59
470,932-19-0439,2013-01-17T12:44:28.998,Female,No,154,59
471,626-96-8092,2013-11-17T19:44:28.998,Female,No,135,29
472,905-49-8536,2013-17-17T19:44:28.998,Female,Yes,157,50
473,321-33-5151,2013-15-17T19:44:28.998,Male,Yes,159,28
474,892-27-0036,2013-18-17T19:44:28.99888,Male,No,174,43
475,390-92-8116,2013-11-17T19:44:28.998,Female,Yes,205,55
476,384-37-4907,2013-14-17T19:44:28.998,Female,Yes,201,26
477,390-65-4755,2013-15-17T19:44:28.998,Female,No,158,49
478,710-61-5327,2013-14-17T19:44:28.998,Male,Yes,167,42
479,374-63-0710,2013-15-17T19:44:28.998,Male,No,197,41
480,930-63-6274,2013-11-17T19:44:28.998,Male,Yes,212,37
481,422-64-3178,2013-10-17T19:44:28.998,Female,No,156,51
482,116-93-0029,2013-16-17T19:44:28.998,Male,Yes,147,30
483,225-54-5192,2013-22-17T19:44:28.998,Female,Yes,213,22
484,481-24-7507,2013-09-17T19:44:28.998,Female,Yes,153,41
485,215-34-2491,2013-11-17T19:44:28.998,Male,Yes,183,56
486,172-80-8312,2013-10-17T19:44:28.998,Female,No,163,21
487,743-21-3050,2013-11-17T19:44:28.998,Female,No,214,31
488,577-35-5201,2013-10-17T19:44:28.998,Female,No,149,58
489,121-17-9975,2013-15-17T19:44:28.998,Female,Yes,182,37
490,642-03-1426,2013-12-17T19:44:28.99,Male,No,179,47
491,219-36-1634,2013-09-17T19:44:28.998,Female,Yes,145,48
492,449-53-3639,2013-03-17T19:44:28.99,Male,No,146,29
493,390-15-8216,2013-03-17T19:44:28.998,Male,Yes,202,49
494,397-60-3189,2013-12-17T19:44:28.99,Female,Yes,145,54
495,322-72-6926,2013-13-17T19:44:28.998,Female,Yes,160,21
496,645-17-8496,2013-13-17T19:44:28.998,Male,Yes,163,36
497,976-28-4193,2013-03-17T19:44:28.99,Male,No,181,23
498,599-49-8557,2013-11-17T19:44:28.998,Male,No,211,38
499,296-09-2641,2013-01-17T12:44:28.998,Female,No,209,57
500,982-14-7597,2013-03-17T19:44:28.99,Female,No,133,57
501,135-04-8771,2013-18-17T19:44:28.99888,Male,Yes,131,56
502,681-88-3133,2013-03-17T19:44:28.99,Male,No,131,27
503,657-48-5491,2013-12-17T19:44:28.99,Male,No,179,40
504,724-92-4734,2013-11-17T19:44:28.998,Male,No,218,41
505,117-52-8143,2013-13-17T19:44:28.998,Male,Yes,135,22
506,226-89-7443,2013-15-17T19:44:28.998,Female,Yes,209,54
507,688-68-3492,2013-14-17T19:44:28.998,Male,No,161,54
508,966-54-0798,2013-03-17T19:44:28.99,Female,No,164,45
509,828-77-6077,2013-14-17T19:44:28.998,Female,Yes,162,53
510,371-30-3932,2013-18-17T19:44:28.99888,Female,No,201,46
511,322-95-9909,2013-22-17T19:44:28.998,Male,No,216,32
512,486-85-6212,2013-03-17T19:44:28.998,Male,No,192,32
513,186-91-5944,2013-03-17T19:44:28.99,Female,No,159,56
514,855-33-4194,2013-09-17T19:44:28.998,Male,No,201,20
515,203-77-9698,2013-22-17T19:44:28.998,Female,No,221,51
516,717-42-1094,2013-11-17T19:44:28.998,Male,No,190,58
517,256-06-8470,2013-12-17T19:44:28.99,Male,Yes,223,21
518,503-69-0261,2013-11-17T19:44:28.998,Female,Yes,130,48
519,283-77-5650,2013-18-17T19:44:28.99888,Female,No,160,24
520,205-01-4480,2013-01-17T12:44:28.998,Male,Yes,131,39
521,224-25-5029,2013-01-17T12:44:28.998,Male,No,213,47
522,516-49-7581,2013-14-17T19:44:28.998,Female,Yes,171,38
523,309-63-1523,2013-22-17T19:44:28.998,Female,No,177,20
524,191-13-8941,2013-18-17T19:44:28.99888,Male,Yes,198,50
525,423-25-0092,2013-12-17T19:44:28.99,Female,Yes,214,32
526,177-72-3553,2013-03-17T19:44:28.99,Female,No,159,48
527,208-59-7972,2013-03-17T19:44:28.99,Female,Yes,173,52
528,573-47-4784,2013-01-17T12:44:28.998,Male,No,181,30
529,334-73-4872,2013-03-17T19:44:28.99,Male,Yes,162,58
530,464-84-5103,2013-14-17T19:44:28.998,Male,Yes,216,46
531,526-24-5756,2013-13-17T19:44:28.998,Female,No,144,27
532,147-68-7511,2013-12-17T19:44:28.99,Male,Yes,143,29
533,350-61-0011,2013-14-17T19:44:28.998,Female,No,142,38
534,287-40-3067,2013-10-17T19:44:28.998,Female,No,194,51
535,870-39-2712,2013-11-17T19:44:28.998,Male,No,126,51
536,305-26-1686,2013-18-17T19:44:28.99888,Male,No,163,44
537,769-12-0353,2013-17-17T19:44:28.998,Female,No,199,44
538,120-77-2591,2013-10-17T19:44:28.998,Female,No,213,23
539,230-22-8258,2013-15-17T19:44:28.998,Male,Yes,135,37
540,223-72-6974,2013-18-17T19:44:28.99888,Male,No,139,50
541,490-21-0059,2013-09-17T19:44:28.998,Male,Yes,175,32
542,764-48-0228,2013-03-17T19:44:28.998,Male,Yes,194,33
543,796-21-7403,2013-16-17T19:44:28.998,Male,Yes,203,53
544,580-12-7538,2013-01-17T12:44:28.998,Female,Yes,222,24
545,131-71-4275,2013-11-17T19:44:28.998,Female,No,154,28
546,857-18-8452,2013-16-17T19:44:28.998,Male,Yes,138,36
547,623-25-6332,2013-03-17T19:44:28.998,Female,Yes,204,43
548,201-19-6140,2013-22-17T19:44:28.998,Female,No,216,52
549,768-39-7279,2013-10-17T19:44:28.998,Female,No,150,44
550,413-27-3383,2013-09-17T19:44:28.998,Female,No,138,46
551,996-89-0817,2013-18-17T19:44:28.99888,Male,Yes,214,33
552,123-37-1620,2013-10-17T19:44:28.998,Female,Yes,213,38
553,419-88-2734,2013-22-17T19:44:28.998,Male,No,143,50
554,504-94-2181,2013-17-17T19:44:28.998,Male,Yes,218,52
555,139-26-6522,2013-10-17T19:44:28.998,Female,Yes,151,60
556,838-45-0303,2013-17-17T19:44:28.998,Female,Yes,130,28
557,692-19-3666,2013-01-17T12:44:28.998,Female,Yes,199,29
558,273-52-5553,2013-14-17T19:44:28.998,Male,Yes,173,21
559,653-92-6118,2013-09-17T19:44:28.998,Female,No,150,55
560,696-74-3331,2013-03-17T19:44:28.99,Female,No,170,27
561,614-77-0191,2013-17-17T19:44:28.998,Female,No,225,34
562,218-01-8530,2013-13-17T19:44:28.998,Female,No,196,59
563,713-29-6321,2013-14-17T19:44:28.998,Female,No,150,39
564,389-10-3077,2013-13-17T19:44:28.998,Male,No,219,25
565,471-87-5687,2013-03-17T19:44:28.99,Male,Yes,219,33
566,725-51-0421,2013-09-17T19:44:28.998,Female,Yes,163,25
567,706-32-4167,2013-03-17T19:44:28.99,Male,No,131,47
568,820-51-9064,2013-11-17T19:44:28.998,Male,Yes,209,40
569,955-60-1014,2013-01-17T12:44:28.998,Male,No,177,59
570,117-15-3575,2013-14-17T19:44:28.998,Female,No,209,46
571,235-72-9719,2013-10-17T19:44:28.998,Female,No,164,32
572,848-11-3760,2013-16-17T19:44:28.998,Female,Yes,171,56
573,188-63-1833,2013-11-17T19:44:28.998,Female,No,181,47
574,363-42-0360,2013-01-17T12:44:28.998,Female,Yes,214,55
575,413-48-7278,2013-14-17T19:44:28.998,Female,Yes,169,40
576,741-38-6493,2013-09-17T19:44:28.998,Male,No,134,24
577,858-92-9750,2013-15-17T19:44:28.998,Female,No,222,51
578,500-71-8342,2013-10-17T19:44:28.998,Female,Yes,144,27
579,653-77-3631,2013-10-17T19:44:28.998,Female,No,140,50
580,220-25-0994,2013-18-17T19:44:28.99888,Female,Yes,151,37
581,450-41-2451,2013-15-17T19:44:28.998,Male,No,134,30
582,400-14-4280,2013-10-17T19:44:28.998,Female,Yes,157,57
583,505-36-5580,2013-17-17T19:44:28.998,Male,Yes,146,59
584,905-29-3770,2013-16-17T19:44:28.998,Female,Yes,221,21
585,204-71-6912,2013-10-17T19:44:28.998,Male,No,145,54
586,300-94-7671,2013-10-17T19:44:28.998,Male,Yes,208,44
587,229-71-8093,2013-14-17T19:44:28.998,Female,No,185,55
588,840-09-2452,2013-15-17T19:44:28.998,Female,Yes,223,52
589,851-68-1700,2013-14-17T19:44:28.998,Male,Yes,201,36
590,534-55-1706,2013-15-17T19:44:28.998,Male,Yes,131,39
591,141-00-3921,2013-17-17T19:44:28.998,Male,No,177,26
592,132-39-6677,2013-22-17T19:44:28.998,Female,No,150,44
593,113-08-6207,2013-10-17T19:44:28.998,Female,No,128,40
594,994-46-1040,2013-18-17T19:44:28.99888,Male,No,150,43
595,382-52-8938,2013-16-17T19:44:28.998,Male,No,146,43
596,580-40-3911,2013-12-17T19:44:28.99,Female,No,219,26
597,366-90-8025,2013-15-17T19:44:28.998,Female,No,138,22
598,301-26-0267,2013-11-17T19:44:28.998,Female,Yes,148,45
599,552-57-3003,2013-03-17T19:44:28.99,Male,Yes,136,23
600,562-96-5585,2013-11-17T19:44:28.998,Male,No,189,47
601,959-73-4263,2013-03-17T19:44:28.99,Female,Yes,193,46
602,539-49-5406,2013-03-17T19:44:28.99,Male,No,150,44
603,232-27-4948,2013-10-17T19:44:28.998,Female,Yes,184,52
604,659-25-3091,2013-16-17T19:44:28.998,Male,No,157,51
605,584-58-5243,2013-17-17T19:44:28.998,Female,No,187,32
606,160-28-2696,2013-11-17T19:44:28.998,Female,Yes,184,52
607,569-80-8266,2013-11-17T19:44:28.998,Male,No,136,54
608,947-04-6681,2013-10-17T19:44:28.998,Female,Yes,161,60
609,619-35-3814,2013-01-17T12:44:28.998,Female,Yes,138,22
610,495-16-5142,2013-09-17T19:44:28.998,Female,Yes,144,37
611,558-37-7229,2013-03-17T19:44:28.998,Male,No,175,24
612,290-28-0228,2013-03-17T19:44:28.99,Male,No,162,31
613,822-25-6357,2013-11-17T19:44:28.998,Male,Yes,138,41
614,691-73-3880,2013-01-17T12:44:28.998,Male,No,171,31
615,806-75-0751,2013-03-17T19:44:28.998,Female,Yes,139,22
616,266-87-7367,2013-09-17T19:44:28.998,Male,No,185,24
617,491-84-6475,2013-11-17T19:44:28.998,Female,Yes,152,57
618,421-09-4321,2013-14-17T19:44:28.998,Male,No,183,26
619,170-43-7227,2013-09-17T19:44:28.998,Male,Yes,178,44
620,737-21-4009,2013-16-17T19:44:28.998,Male,No,219,46
621,509-17-0793,2013-09-17T19:44:28.998,Female,No,172,58
622,473-00-9801,2013-03-17T19:44:28.99,Male,No,147,48
623,464-66-4661,2013-22-17T19:44:28.998,Male,No,173,41
624,339-48-3547,2013-16-17T19:44:28.998,Female,Yes,183,54
625,832-68-9549,2013-15-17T19:44:28.998,Female,No,197,39
626,827-07-4867,2013-18-17T19:44:28.99888,Male,Yes,157,52
627,575-84-0857,2013-14-17T19:44:28.998,Female,Yes,152,27
628,632-93-7106,2013-01-17T12:44:28.998,Male,No,179,38
629,941-48-9183,2013-22-17T19:44:28.998,Female,Yes,144,57
630,686-18-1134,2013-11-17T19:44:28.998,Male,Yes,157,27
631,172-99-2035,2013-14-17T19:44:28.998,Male,No,184,43
632,660-15-0866,2013-09-17T19:44:28.998,Female,Yes,157,56
633,232-13-5758,2013-14-17T19:44:28.998,Female,No,146,24
634,512-12-0263,2013-10-17T19:44:28.998,Female,No,217,59
635,668-99-1359,2013-18-17T19:44:28.99888,Male,No,171,40
636,683-13-8962,2013-03-17T19:44:28.99,Female,No,176,30
637,778-38-9328,2013-18-17T19:44:28.99888,Female,No,155,45
638,651-21-1478,2013-11-17T19:44:28.998,Male,No,188,50
639,960-58-1481,2013-17-17T19:44:28.998,Male,No,137,22
640,570-05-2598,2013-09-17T19:44:28.998,Female,Yes,179,20
641,172-99-4071,2013-16-17T19:44:28.998,Male,Yes,218,55
642,911-63-9050,2013-15-17T19:44:28.998,Male,No,174,20
643,125-69-1581,2013-03-17T19:44:28.99,Male,No,183,34
644,891-17-7069,2013-11-17T19:44:28.998,Male,No,146,39
645,258-27-5415,2013-11-17T19:44:28.998,Female,Yes,146,44
646,507-90-2348,2013-11-17T19:44:28.998,Female,No,197,47
647,772-26-4983,2013-10-17T19:44:28.998,Male,No,141,52
648,325-36-7760,2013-12-17T19:44:28.99,Female,No,224,47
649,793-72-9554,2013-14-17T19:44:28.998,Male,Yes,183,33
650,118-53-7335,2013-03-17T19:44:28.99,Female,Yes,159,47
651,133-01-2827,2013-16-17T19:44:28.998,Male,Yes,211,33
652,534-54-0350,2013-14-17T19:44:28.998,Female,Yes,147,44
653,615-71-3982,2013-17-17T19:44:28.998,Male,No,204,26
654,460-21-6247,2013-22-17T19:44:28.998,Female,No,169,53
655,687-26-8056,2013-17-17T19:44:28.998,Male,Yes,209,40
656,623-08-6385,2013-22-17T19:44:28.998,Male,Yes,174,57
657,790-89-3756,2013-12-17T19:44:28.99,Male,No,160,60
658,793-82-9899,2013-18-17T19:44:28.99888,Female,Yes,193,52
659,326-68-3572,2013-03-17T19:44:28.99,Male,Yes,140,28
660,360-03-5018,2013-09-17T19:44:28.998,Female,Yes,154,50
661,324-99-6522,2013-12-17T19:44:28.99,Female,No,144,35
662,793-83-4344,2013-22-17T19:44:28.998,Female,No,159,38
663,876-02-0348,2013-14-17T19:44:28.998,Male,Yes,209,40
664,955-05-3116,2013-10-17T19:44:28.998,Female,No,207,33
665,418-05-0094,2013-03-17T19:44:28.99,Male,No,210,20
666,372-60-5705,2013-18-17T19:44:28.99888,Male,No,176,28
667,596-67-4871,2013-13-17T19:44:28.998,Male,Yes,191,55
668,236-67-1928,2013-01-17T12:44:28.998,Female,No,223,28
669,292-85-0592,2013-12-17T19:44:28.99,Male,Yes,193,37
670,554-18-9924,2013-11-17T19:44:28.998,Male,No,159,31
671,912-55-2168,2013-03-17T19:44:28.998,Female,Yes,139,33
672,198-75-4590,2013-01-17T12:44:28.998,Male,Yes,195,47
673,961-85-3250,2013-17-17T19:44:28.998,Male,No,174,45
674,559-07-9664,2013-12-17T19:44:28.99,Female,No,139,47
675,447-35-2308,2013-17-17T19:44:28.998,Female,No,217,30
676,751-29-9688,2013-13-17T19:44:28.998,Female,No,176,38
677,546-16-9464,2013-11-17T19:44:28.998,Female,Yes,212,24
678,843-61-9409,2013-22-17T19:44:28.998,Female,Yes,132,30
679,384-78-8072,2013-17-17T19:44:28.998,Female,Yes,189,30
680,445-98-5921,2013-13-17T19:44:28.998,Female,No,221,30
681,385-85-4777,2013-10-17T19:44:28.998,Male,Yes,133,39
682,903-39-9290,2013-15-17T19:44:28.998,Male,Yes,170,54
683,339-41-9800,2013-03-17T19:44:28.998,Male,No,145,37
684,211-50-6154,2013-14-17T19:44:28.998,Male,Yes,196,40
685,332-83-1016,2013-17-17T19:44:28.998,Female,No,191,53
686,784-04-7093,2013-12-17T19:44:28.99,Male,Yes,224,31
687,668-12-8132,2013-03-17T19:44:28.998,Male,Yes,149,36
688,379-52-9482,2013-18-17T19:44:28.99888,Female,No,220,21
689,295-15-6154,2013-01-17T12:44:28.998,Female,No,125,53
690,355-14-4246,2013-01-17T12:44:28.998,Female,No,216,40
691,242-46-1528,2013-11-17T19:44:28.998,Male,No,223,40
692,366-31-4479,2013-22-17T19:44:28.998,Female,No,149,32
693,632-13-9783,2013-16-17T19:44:28.998,Female,Yes,220,51
694,811-38-2291,2013-11-17T19:44:28.998,Male,Yes,196,50
695,434-90-3761,2013-11-17T19:44:28.998,Female,Yes,174,44
696,577-20-5669,2013-12-17T19:44:28.99,Female,Yes,202,21
697,197-04-0242,2013-22-17T19:44:28.998,Male,No,130,41
698,774-01-0932,2013-15-17T19:44:28.998,Male,No,200,51
699,122-45-5499,2013-15-17T19:44:28.998,Female,Yes,193,37
700,957-91-1164,2013-10-17T19:44:28.998,Male,No,169,50
701,101-44-8582,2013-14-17T19:44:28.998,Male,No,154,29
702,135-46-0970,2013-01-17T12:44:28.998,Male,No,154,52
703,775-73-3909,2013-14-17T19:44:28.998,Female,No,209,27
704,348-59-4246,2013-16-17T19:44:28.998,Female,Yes,169,39
705,210-26-0933,2013-11-17T19:44:28.998,Female,No,167,48
706,724-79-8589,2013-12-17T19:44:28.99,Female,Yes,201,48
707,635-07-5614,2013-12-17T19:44:28.99,Male,Yes,147,44
708,642-81-5433,2013-16-17T19:44:28.998,Male,Yes,136,38
709,957-97-1590,2013-22-17T19:44:28.998,Male,No,223,42
710,907-88-8062,2013-14-17T19:44:28.998,Male,No,179,20
711,636-41-8143,2013-13-17T19:44:28.998,Male,Yes,217,27
712,221-69-0498,2013-17-17T19:44:28.998,Female,Yes,125,47
713,797-74-5185,2013-16-17T19:44:28.998,Male,No,223,32
714,111-58-1442,2013-18-17T19:44:28.99888,Male,No,223,21
715,197-15-5824,2013-12-17T19:44:28.99,Male,Yes,193,57
716,524-13-4065,2013-17-17T19:44:28.998,Female,No,150,33
717,959-58-7609,2013-11-17T19:44:28.998,Male,Yes,212,42
718,477-87-5389,2013-10-17T19:44:28.998,Male,No,125,46
719,321-93-5112,2013-18-17T19:44:28.99888,Female,No,175,26
720,586-40-6426,2013-18-17T19:44:28.99888,Male,Yes,140,54
721,143-49-2526,2013-15-17T19:44:28.998,Female,Yes,145,58
722,115-53-1412,2013-15-17T19:44:28.998,Male,No,153,53
723,297-82-0755,2013-10-17T19:44:28.998,Male,Yes,128,35
724,725-13-5050,2013-11-17T19:44:28.998,Female,Yes,146,27
725,994-38-4663,2013-11-17T19:44:28.998,Male,Yes,138,35
726,179-70-5640,2013-12-17T19:44:28.99,Male,No,177,59
727,308-50-2425,2013-22-17T19:44:28.998,Male,Yes,188,37
728,611-06-8364,2013-15-17T19:44:28.998,Female,No,176,48
729,777-22-8477,2013-16-17T19:44:28.998,Male,No,133,32
730,148-71-7310,2013-13-17T19:44:28.998,Female,Yes,192,51
731,856-26-4282,2013-03-17T19:44:28.998,Female,No,205,38
732,952-88-7145,2013-03-17T19:44:28.99,Female,Yes,174,43
733,306-18-8731,2013-01-17T12:44:28.998,Female,Yes,212,39
734,804-77-7250,2013-15-17T19:44:28.998,Female,Yes,171,32
735,691-98-8153,2013-03-17T19:44:28.99,Male,Yes,154,35
736,767-03-0058,2013-11-17T19:44:28.998,Female,Yes,150,26
737,413-53-3199,2013-18-17T19:44:28.99888,Female,Yes,192,39
738,110-08-1207,2013-14-17T19:44:28.998,Male,Yes,146,50
739,353-28-0565,2013-03-17T19:44:28.998,Female,Yes,133,33
740,592-62-9292,2013-12-17T19:44:28.99,Male,No,157,40
741,253-69-4125,2013-13-17T19:44:28.998,Female,Yes,199,45
742,239-95-3139,2013-22-17T19:44:28.998,Female,No,188,52
743,738-79-0032,2013-03-17T19:44:28.998,Female,Yes,187,56
744,406-28-9291,2013-03-17T19:44:28.998,Female,No,166,32
745,523-50-8333,2013-17-17T19:44:28.998,Female,No,208,57
746,993-92-3375,2013-10-17T19:44:28.998,Male,Yes,183,21
747,905-62-7136,2013-16-17T19:44:28.998,Male,Yes,155,34
748,628-81-8585,2013-11-17T19:44:28.998,Male,No,191,40
749,180-47-7214,2013-10-17T19:44:28.998,Female,Yes,128,33
750,519-72-7050,2013-13-17T19:44:28.998,Female,Yes,130,52
751,167-35-5164,2013-12-17T19:44:28.99,Male,No,202,45
752,488-94-8841,2013-13-17T19:44:28.998,Male,No,186,58
753,416-79-5636,2013-18-17T19:44:28.99888,Female,Yes,216,21
754,753-43-6639,2013-10-17T19:44:28.998,Male,No,152,20
755,989-08-8142,2013-01-17T12:44:28.998,Male,Yes,214,53
756,573-53-3608,2013-12-17T19:44:28.99,Male,Yes,167,39
757,859-30-2517,2013-16-17T19:44:28.998,Male,No,193,40
758,457-66-7034,2013-14-17T19:44:28.998,Female,Yes,165,47
759,915-95-1411,2013-03-17T19:44:28.998,Female,Yes,158,47
760,874-53-4624,2013-17-17T19:44:28.998,Male,No,137,41
761,346-61-7528,2013-12-17T19:44:28.99,Female,Yes,134,32
762,790-41-0638,2013-09-17T19:44:28.998,Male,Yes,198,45
763,967-14-1547,2013-13-17T19:44:28.998,Female,Yes,135,35
764,891-48-2513,2013-17-17T19:44:28.998,Female,No,187,60
765,811-93-3886,2013-16-17T19:44:28.998,Male,Yes,180,43
766,785-05-1116,2013-10-17T19:44:28.998,Male,Yes,172,54
767,898-86-4703,2013-11-17T19:44:28.998,Female,No,170,57
768,566-99-1189,2013-18-17T19:44:28.99888,Male,Yes,187,57
769,538-78-6168,2013-01-17T12:44:28.998,Female,Yes,218,23
770,408-59-3109,2013-16-17T19:44:28.998,Male,No,127,32
771,776-70-7423,2013-03-17T19:44:28.99,Male,No,186,56
772,466-28-6572,2013-11-17T19:44:28.998,Male,No,174,30
773,426-52-4383,2013-11-17T19:44:28.998,Male,Yes,153,46
774,520-16-1339,2013-22-17T19:44:28.998,Female,No,213,40
775,149-58-2575,2013-11-17T19:44:28.998,Male,Yes,175,36
776,189-94-5337,2013-09-17T19:44:28.998,Male,Yes,133,47
777,145-45-4046,2013-13-17T19:44:28.998,Female,Yes,151,31
778,509-64-1416,2013-12-17T19:44:28.99,Male,Yes,188,29
779,244-06-6001,2013-18-17T19:44:28.99888,Female,No,205,47
780,127-45-1140,2013-03-17T19:44:28.99,Female,Yes,180,20
781,477-76-6248,2013-18-17T19:44:28.99888,Male,Yes,222,48
782,617-05-4190,2013-12-17T19:44:28.99,Male,No,188,30
783,417-74-0338,2013-18-17T19:44:28.99888,Female,Yes,197,58
784,812-60-3835,2013-11-17T19:44:28.998,Female,Yes,130,40
785,136-11-1340,2013-09-17T19:44:28.998,Male,Yes,156,41
786,857-08-7316,2013-03-17T19:44:28.99,Male,No,220,56
787,120-64-8262,2013-03-17T19:44:28.998,Female,No,161,49
788,794-74-6367,2013-17-17T19:44:28.998,Female,No,166,52
789,245-32-7396,2013-17-17T19:44:28.998,Male,Yes,128,40
790,676-52-2315,2013-12-17T19:44:28.99,Female,Yes,217,28
791,212-77-9807,2013-14-17T19:44:28.998,Female,Yes,147,59
792,878-46-1035,2013-16-17T19:44:28.998,Female,No,174,26
793,266-49-0814,2013-11-17T19:44:28.998,Female,Yes,203,25
794,831-65-5746,2013-03-17T19:44:28.99,Female,No,144,32
795,141-89-0990,2013-09-17T19:44:28.998,Female,No,167,54
796,898-12-6403,2013-15-17T19:44:28.998,Male,Yes,197,51
797,887-79-6030,2013-14-17T19:44:28.998,Female,No,201,29
798,170-79-0839,2013-11-17T19:44:28.998,Female,No,155,54
799,513-81-9049,2013-09-17T19:44:28.998,Female,Yes,149,21
800,802-72-5478,2013-12-17T19:44:28.99,Male,No,127,59
801,505-71-6137,2013-11-17T19:44:28.998,Male,Yes,139,31
802,871-71-1301,2013-01-17T12:44:28.998,Female,No,167,44
803,458-65-0069,2013-10-17T19:44:28.998,Male,Yes,196,39
804,680-12-3929,2013-14-17T19:44:28.998,Male,No,139,38
805,867-24-3549,2013-11-17T19:44:28.998,Female,No,154,42
806,151-07-7019,2013-10-17T19:44:28.998,Male,Yes,161,49
807,628-76-8981,2013-14-17T19:44:28.998,Female,No,131,58
808,138-20-8283,2013-09-17T19:44:28.998,Male,Yes,133,41
809,123-36-7728,2013-12-17T19:44:28.99,Female,Yes,139,44
810,989-35-3914,2013-18-17T19:44:28.99888,Female,No,150,21
811,597-26-5309,2013-03-17T19:44:28.99,Male,Yes,142,37
812,545-10-4384,2013-10-17T19:44:28.998,Female,No,215,44
813,395-22-4981,2013-12-17T19:44:28.99,Female,Yes,209,49
814,578-34-1616,2013-13-17T19:44:28.998,Male,No,205,35
815,909-11-0657,2013-11-17T19:44:28.998,Male,No,178,59
816,777-12-8461,2013-03-17T19:44:28.99,Female,Yes,190,60
817,560-22-8504,2013-11-17T19:44:28.998,Male,Yes,223,59
818,367-85-3807,2013-11-17T19:44:28.998,Male,No,182,43
819,373-33-8243,2013-01-17T12:44:28.998,Female,Yes,140,38
820,501-94-9344,2013-14-17T19:44:28.998,Male,No,168,31
821,208-07-9966,2013-18-17T19:44:28.99888,Male,No,139,31
822,587-12-9880,2013-17-17T19:44:28.998,Male,Yes,132,35
823,627-24-7519,2013-12-17T19:44:28.99,Female,Yes,168,24
824,326-80-9833,2013-22-17T19:44:28.998,Male,Yes,156,26
825,486-33-5444,2013-16-17T19:44:28.998,Male,No,166,41
826,156-82-5248,2013-17-17T19:44:28.998,Male,No,194,54
827,504-06-4927,2013-22-17T19:44:28.998,Male,No,151,59
828,830-03-6026,2013-12-17T19:44:28.99,Female,No,167,49
829,128-75-8980,2013-09-17T19:44:28.998,Male,Yes,183,37
830,501-83-5695,2013-09-17T19:44:28.998,Female,Yes,189,22
831,449-81-0727,2013-12-17T19:44:28.99,Female,Yes,138,21
832,746-18-0749,2013-09-17T19:44:28.998,Female,No,194,34
833,782-20-1552,2013-10-17T19:44:28.998,Female,No,165,38
834,881-46-3356,2013-03-17T19:44:28.998,Female,No,219,54
835,623-69-4630,2013-12-17T19:44:28.99,Female,Yes,217,35
836,844-14-6472,2013-03-17T19:44:28.998,Female,No,147,21
837,373-89-2898,2013-15-17T19:44:28.998,Male,No,151,60
838,447-03-0214,2013-13-17T19:44:28.998,Male,No,172,41
839,442-01-6550,2013-22-17T19:44:28.998,Male,No,213,33
840,312-19-1589,2013-11-17T19:44:28.998,Female,No,183,43
841,745-64-1825,2013-03-17T19:44:28.998,Male,No,181,34
842,958-80-8384,2013-09-17T19:44:28.998,Female,No,194,36
843,454-02-5000,2013-11-17T19:44:28.998,Female,Yes,171,27
844,709-38-7367,2013-13-17T19:44:28.998,Male,Yes,204,58
845,560-78-4723,2013-15-17T19:44:28.998,Female,Yes,180,42
846,719-62-6239,2013-13-17T19:44:28.998,Female,No,137,56
847,484-02-6874,2013-15-17T19:44:28.998,Male,No,213,49
848,504-23-3496,2013-16-17T19:44:28.998,Female,No,217,58
849,262-20-8259,2013-03-17T19:44:28.998,Male,No,152,34
850,970-40-8737,2013-17-17T19:44:28.998,Male,No,199,23
851,335-29-4069,2013-11-17T19:44:28.998,Male,Yes,144,27
852,484-31-4533,2013-13-17T19:44:28.998,Female,Yes,148,55
853,816-62-9520,2013-12-17T19:44:28.99,Female,Yes,155,43
854,517-13-8734,2013-03-17T19:44:28.998,Male,Yes,125,53
855,341-72-2643,2013-16-17T19:44:28.998,Female,No,165,25
856,110-47-6398,2013-11-17T19:44:28.998,Female,No,200,40
857,203-99-2361,2013-11-17T19:44:28.998,Male,No,126,58
858,885-62-0583,2013-18-17T19:44:28.99888,Male,No,138,25
859,642-05-9273,2013-03-17T19:44:28.99,Female,Yes,153,40
860,300-37-3180,2013-17-17T19:44:28.998,Male,No,176,41
861,338-52-0842,2013-17-17T19:44:28.998,Female,Yes,189,45
862,252-84-3201,2013-12-17T19:44:28.99,Male,No,126,29
863,142-24-4292,2013-12-17T19:44:28.99,Female,No,160,29
864,292-65-0908,2013-01-17T12:44:28.998,Male,No,153,49
865,579-58-3149,2013-22-17T19:44:28.998,Male,Yes,125,58
866,378-23-0379,2013-01-17T12:44:28.998,Male,Yes,202,37
867,901-88-2605,2013-10-17T19:44:28.998,Female,No,223,52
868,980-65-4240,2013-13-17T19:44:28.998,Male,No,203,22
869,945-87-8998,2013-22-17T19:44:28.998,Female,No,204,22
870,962-35-1284,2013-14-17T19:44:28.998,Female,No,178,23
871,393-13-7572,2013-17-17T19:44:28.998,Male,No,225,44
872,155-53-7191,2013-17-17T19:44:28.998,Female,No,148,28
873,914-09-3564,2013-22-17T19:44:28.998,Female,Yes,185,54
874,305-58-7930,2013-15-17T19:44:28.998,Female,No,130,28
875,868-48-1981,2013-15-17T19:44:28.998,Male,Yes,138,39
876,515-78-5351,2013-12-17T19:44:28.99,Female,Yes,199,51
877,135-94-6492,2013-11-17T19:44:28.998,Female,No,202,24
878,528-06-4252,2013-03-17T19:44:28.99,Female,Yes,197,59
879,172-04-9280,2013-18-17T19:44:28.99888,Male,Yes,135,24
880,267-08-9851,2013-11-17T19:44:28.998,Female,Yes,200,48
881,474-64-7284,2013-17-17T19:44:28.998,Female,Yes,201,33
882,132-82-9485,2013-11-17T19:44:28.998,Male,Yes,165,30
883,566-85-0611,2013-14-17T19:44:28.998,Female,Yes,125,30
884,667-10-3893,2013-22-17T19:44:28.998,Male,Yes,134,27
885,792-47-5370,2013-18-17T19:44:28.99888,Male,No,149,58
886,623-21-9556,2013-01-17T12:44:28.998,Male,No,141,35
887,401-85-0485,2013-01-17T12:44:28.998,Male,No,198,27
888,417-28-4349,2013-16-17T19:44:28.998,Male,Yes,170,52
889,757-38-1876,2013-11-17T19:44:28.998,Female,Yes,179,24
890,759-68-2779,2013-22-17T19:44:28.998,Male,Yes,200,46
891,280-10-8133,2013-11-17T19:44:28.998,Male,No,137,30
892,877-57-0839,2013-09-17T19:44:28.998,Male,No,171,55
893,204-79-7455,2013-03-17T19:44:28.99,Male,No,148,22
894,822-17-1252,2013-09-17T19:44:28.998,Female,Yes,127,37
895,370-37-5152,2013-11-17T19:44:28.998,Female,Yes,181,21
896,276-62-1450,2013-11-17T19:44:28.998,Male,Yes,195,46
897,390-82-3186,2013-18-17T19:44:28.99888,Female,No,190,58
898,962-11-4719,2013-18-17T19:44:28.99888,Male,Yes,172,29
899,480-07-8131,2013-10-17T19:44:28.998,Male,Yes,203,56
900,848-12-8812,2013-01-17T12:44:28.998,Female,No,200,57
901,780-62-6839,2013-16-17T19:44:28.998,Male,No,170,44
902,372-16-3903,2013-11-17T19:44:28.998,Female,Yes,177,40
903,774-51-4273,2013-01-17T12:44:28.998,Male,Yes,181,36
904,496-54-9488,2013-22-17T19:44:28.998,Female,No,189,60
905,599-93-5479,2013-03-17T19:44:28.998,Female,Yes,214,34
906,574-74-4199,2013-15-17T19:44:28.998,Female,No,164,29
907,365-52-7945,2013-12-17T19:44:28.99,Male,Yes,154,51
908,793-61-1042,2013-17-17T19:44:28.998,Male,No,212,31
909,717-61-0572,2013-17-17T19:44:28.998,Female,Yes,222,32
910,443-79-6344,2013-12-17T19:44:28.99,Female,Yes,183,40
911,740-96-7207,2013-03-17T19:44:28.998,Male,No,126,50
912,623-92-6031,2013-03-17T19:44:28.998,Female,No,158,35
913,707-27-6316,2013-22-17T19:44:28.998,Female,No,127,57
914,564-97-6402,2013-03-17T19:44:28.99,Male,No,168,44
915,290-11-3180,2013-15-17T19:44:28.998,Male,Yes,209,40
916,310-61-1338,2013-18-17T19:44:28.99888,Male,No,208,38
917,655-81-2041,2013-18-17T19:44:28.99888,Male,No,188,31
918,966-04-0073,2013-11-17T19:44:28.998,Female,No,206,22
919,337-97-1374,2013-13-17T19:44:28.998,Male,Yes,169,56
920,796-15-5341,2013-03-17T19:44:28.998,Female,No,141,29
921,204-44-6038,2013-03-17T19:44:28.99,Female,No,185,23
922,121-42-3170,2013-14-17T19:44:28.998,Female,No,203,29
923,405-27-1765,2013-18-17T19:44:28.99888,Male,Yes,223,43
924,183-43-3996,2013-11-17T19:44:28.998,Male,No,147,49
925,329-12-2297,2013-13-17T19:44:28.998,Female,Yes,155,59
926,117-23-0413,2013-11-17T19:44:28.998,Female,Yes,219,24
927,642-58-1180,2013-11-17T19:44:28.998,Female,Yes,151,31
928,414-79-3830,2013-14-17T19:44:28.998,Male,No,212,58
929,772-74-1483,2013-03-17T19:44:28.998,Female,Yes,149,60
930,757-72-8113,2013-01-17T12:44:28.998,Female,Yes,206,31
931,908-09-9742,2013-01-17T12:44:28.998,Female,No,164,22
932,359-30-9082,2013-03-17T19:44:28.99,Male,Yes,133,45
933,293-91-2127,2013-12-17T19:44:28.99,Male,No,183,42
934,599-70-6932,2013-09-17T19:44:28.998,Male,Yes,194,32
935,288-52-8143,2013-18-17T19:44:28.99888,Female,No,158,50
936,350-99-2110,2013-03-17T19:44:28.998,Male,No,167,40
937,851-09-5293,2013-10-17T19:44:28.998,Female,Yes,202,34
938,953-18-3947,2013-18-17T19:44:28.99888,Female,Yes,177,38
939,241-67-5463,2013-03-17T19:44:28.99,Male,Yes,164,46
940,747-00-7313,2013-14-17T19:44:28.998,Male,Yes,190,23
941,611-22-2561,2013-13-17T19:44:28.998,Female,No,152,37
942,818-96-4321,2013-17-17T19:44:28.998,Male,Yes,173,40
943,860-81-9743,2013-09-17T19:44:28.998,Female,No,222,35
944,752-55-7513,2013-12-17T19:44:28.99,Female,No,137,54
945,417-38-2419,2013-03-17T19:44:28.99,Male,Yes,132,50
946,829-68-5632,2013-17-17T19:44:28.998,Female,Yes,152,37
947,548-81-4097,2013-01-17T12:44:28.998,Female,Yes,217,58
948,593-91-9380,2013-14-17T19:44:28.998,Female,No,200,46
949,198-47-6248,2013-12-17T19:44:28.99,Female,Yes,200,52
950,517-24-3787,2013-14-17T19:44:28.998,Male,Yes,217,29
951,150-73-1813,2013-16-17T19:44:28.998,Female,Yes,174,43
952,760-05-1352,2013-16-17T19:44:28.998,Male,Yes,193,44
953,415-58-5465,2013-18-17T19:44:28.99888,Female,No,169,53
954,508-69-0427,2013-16-17T19:44:28.998,Male,Yes,150,20
955,732-97-2253,2013-13-17T19:44:28.998,Female,Yes,179,23
956,599-50-4950,2013-14-17T19:44:28.998,Female,No,143,49
957,446-96-9719,2013-09-17T19:44:28.998,Female,No,152,26
958,595-65-9365,2013-11-17T19:44:28.998,Male,Yes,157,22
959,651-42-5170,2013-10-17T19:44:28.998,Male,Yes,165,58
960,227-56-3111,2013-18-17T19:44:28.99888,Male,No,135,55
961,495-83-5590,2013-11-17T19:44:28.998,Female,No,161,49
962,401-39-3018,2013-16-17T19:44:28.998,Female,Yes,189,28
963,732-74-8266,2013-11-17T19:44:28.998,Male,Yes,216,32
964,594-04-1845,2013-10-17T19:44:28.998,Male,No,160,47
965,469-39-4796,2013-11-17T19:44:28.998,Male,Yes,143,52
966,731-34-9261,2013-12-17T19:44:28.99,Female,No,130,48
967,461-53-1955,2013-14-17T19:44:28.998,Female,No,130,46
968,449-63-4200,2013-03-17T19:44:28.99,Female,No,158,24
969,115-98-1272,2013-03-17T19:44:28.99,Male,No,137,29
970,793-92-6107,2013-10-17T19:44:28.998,Male,Yes,221,36
971,147-87-2348,2013-11-17T19:44:28.998,Female,Yes,154,37
972,484-46-4312,2013-03-17T19:44:28.99,Female,No,186,54
973,754-08-0995,2013-11-17T19:44:28.998,Male,No,154,29
974,538-31-4133,2013-13-17T19:44:28.998,Female,No,184,44
975,228-37-1495,2013-14-17T19:44:28.998,Female,No,132,33
976,286-23-3323,2013-10-17T19:44:28.998,Male,No,167,31
977,898-68-1029,2013-12-17T19:44:28.99,Female,Yes,219,45
978,502-60-1037,2013-09-17T19:44:28.998,Male,Yes,187,20
979,694-58-4250,2013-17-17T19:44:28.998,Male,Yes,164,22
980,643-04-0043,2013-03-17T19:44:28.99,Female,Yes,187,41
981,209-33-0116,2013-11-17T19:44:28.998,Male,Yes,181,57
982,232-17-5553,2013-15-17T19:44:28.998,Male,No,146,24
983,115-54-7830,2013-17-17T19:44:28.998,Male,No,138,57
984,642-87-2190,2013-14-17T19:44:28.998,Female,Yes,164,31
985,624-81-5515,2013-03-17T19:44:28.998,Male,No,199,42
986,613-98-5123,2013-17-17T19:44:28.998,Female,Yes,219,38
987,395-39-6713,2013-22-17T19:44:28.998,Male,No,169,32
988,617-53-5553,2013-11-17T19:44:28.998,Male,Yes,225,26
989,401-17-7507,2013-03-17T19:44:28.998,Male,No,223,41
990,134-14-3998,2013-11-17T19:44:28.998,Female,Yes,167,27
991,761-44-9688,2013-11-17T19:44:28.998,Male,Yes,127,40
992,466-95-3869,2013-09-17T19:44:28.998,Male,Yes,185,44
993,387-75-8588,2013-03-17T19:44:28.998,Male,Yes,219,56
994,947-30-5740,2013-16-17T19:44:28.998,Male,Yes,219,51
995,841-20-1708,2013-12-17T19:44:28.99,Female,Yes,170,45
996,337-62-4879,2013-03-17T19:44:28.99,Male,Yes,126,21
997,298-57-5134,2013-09-17T19:44:28.998,Female,No,142,33
998,450-22-8428,2013-18-17T19:44:28.99888,Female,No,219,29
999,501-04-4354,2013-22-17T19:44:28.998,Female,Yes,141,49
1000,166-52-5454,2013-10-17T19:44:28.998,Female,Yes,131,43
